{
  "model": "sklearn_TFIDF_LogReg",
  "auc": 0.9999603182843954,
  "accuracy": 0.9966,
  "precision": 0.9966071555843551,
  "recall": 0.9966,
  "f1": 0.9965972342067522,
  "fit_seconds": 3.5406601428985596
}